﻿Designator,Quantity,Value,Footprint,Package,MPN,DNP,Mount_Type,Description,Sim.Pins
"C1, C2",2,1u,C_0805_2012Metric,,,,smt,Unpolarized capacitor,
"C3, C4, C5",3,10n,C_0805_2012Metric,,,,smt,Unpolarized capacitor,
"D1, D2, D3, D4",4,LED WT,LED_D5.0mm,,,,tht,Light emitting diode,1=K 2=A
"D5, D6, D7, D8",4,LED RD,LED_D5.0mm,,,,tht,Light emitting diode,1=K 2=A
J1,1,Conn_01x02_Pin,PinHeader_1x02_P2.54mm_Vertical,,,,tht,"Generic connector, single row, 01x02, script generated",
J2,1,Conn_02x03_Odd_Even,PinHeader_2x03_P2.54mm_Vertical_SMD,,,,smt,"Generic connector, double row, 02x03, odd/even pin numbering scheme (row 1 odd numbers, row 2 even numbers), script generated (kicad-library-utils/schlib/autogen/connector/)",
"Q1, Q2",2,IRLML 2502,SOT-23,,,,smt,"1.2A Id, 60V Vds, 480mOhm Rds, N-Channel HEXFET Power MOSFET, SOT-23",
"R1, R2, R3, R4",4,100,R_0805_2012Metric,,,,smt,Resistor,
"R5, R6",2,220,R_0805_2012Metric,,,,smt,Resistor,
SW1,1,RotaryEncoder_Switch,RotaryEncoder_Alps_EC11E-Switch_Vertical_H20mm,,,,tht,"Rotary encoder, dual channel, incremental quadrate outputs, with switch",
U1,1,MCP1703Ax-330xxTT,SOT-23,,,,smt,"Low Quiescent Current LDO Regulator, 3.3V, 250mA, Vin<=16V, SOT-23",
U2,1,ATtiny24A-SS,SOIC-14_3.9x8.7mm_P1.27mm,,,,smt,"20MHz, 2kB Flash, 128B SRAM, 128B EEPROM, debugWIRE, SOIC-14",
