﻿pos_x,pos_y,rotation,side,designator,mpn,pack,footprint,value,mount_type
119.5,-49.0,0.0,top,C1,,,C_0805_2012Metric,1u,smt
124.75,-49.0,0.0,top,C2,,,C_0805_2012Metric,1u,smt
129.2,-59.0,0.0,top,C3,,,C_0805_2012Metric,10n,smt
122.45,-54.99,0.0,top,C4,,,C_0805_2012Metric,10n,smt
122.45,-58.0,0.0,top,C5,,,C_0805_2012Metric,10n,smt
79.73,-44.25,0.0,top,D1,,,LED_D5.0mm,LED WT,tht
79.73,-50.72,0.0,top,D2,,,LED_D5.0mm,LED WT,tht
86.27,-44.25,0.0,top,D3,,,LED_D5.0mm,LED WT,tht
86.25,-50.72,0.0,top,D4,,,LED_D5.0mm,LED WT,tht
79.98,-60.5,0.0,top,D5,,,LED_D5.0mm,LED RD,tht
80.02,-66.97,0.0,top,D6,,,LED_D5.0mm,LED RD,tht
86.5,-60.5,0.0,top,D7,,,LED_D5.0mm,LED RD,tht
86.48,-66.97,0.0,top,D8,,,LED_D5.0mm,LED RD,tht
134.5,-55.21,0.0,top,J1,,,PinHeader_1x02_P2.54mm_Vertical,Conn_01x02_Pin,tht
131.475,-41.0,0.0,top,J2,,,PinHeader_2x03_P2.54mm_Vertical_SMD,Conn_02x03_Odd_Even,smt
106.6,-42.7,0.0,top,Q1,,,SOT-23,IRLML 2502,smt
106.1875,-68.8,0.0,top,Q2,,,SOT-23,IRLML 2502,smt
111.5,-42.0,0.0,top,R1,,,R_0805_2012Metric,100,smt
111.025,-68.55,0.0,top,R2,,,R_0805_2012Metric,100,smt
94.5875,-46.25,0.0,top,R3,,,R_0805_2012Metric,100,smt
94.5875,-50.25,0.0,top,R4,,,R_0805_2012Metric,100,smt
93.8375,-62.55,0.0,top,R5,,,R_0805_2012Metric,220,smt
93.8375,-65.5,0.0,top,R6,,,R_0805_2012Metric,220,smt
114.75,-58.5,180.0,top,SW1,,,RotaryEncoder_Alps_EC11E-Switch_Vertical_H20mm,RotaryEncoder_Switch,tht
122.7625,-43.0,0.0,top,U1,,,SOT-23,MCP1703Ax-330xxTT,smt
129.19,-66.465,0.0,top,U2,,,SOIC-14_3.9x8.7mm_P1.27mm,ATtiny24A-SS,smt
